category,topic
Science,Scientific method
Science,History of science
Science,Philosophy of science
Science,Scientific theory
Science,Empirical evidence
Science,Scientific revolution
Science,Peer review
Science,Scientific community
Science,Reproducibility
Science,Falsifiability
Science,Citizen science
Science,Open science
Science,Science communication
Science,Science policy
Science,Science education
Science,Interdisciplinary science
Science,Metascience
Science,Pseudoscience
Science,Fringe science
Science,Protoscience
Science,Scientometrics
Science,Science diplomacy
Science,Science and technology studies
Science,Science ethics
Science,Big Science
Science,Paradigm shift
Science,Replication crisis
Science,Thought experiment
Science,Experimental design
Science,Scientific modeling
Physics,Quantum mechanics
Physics,Relativity
Physics,Classical mechanics
Physics,Electromagnetism
Physics,Thermodynamics
Physics,Nuclear physics
Physics,Particle physics
Physics,Astrophysics
Physics,Optics
Physics,Acoustics
Physics,Fluid dynamics
Physics,String theory
Physics,Quantum field theory
Physics,Condensed matter physics
Physics,Higgs boson
Physics,Quantum entanglement
Physics,Wave-particle duality
Physics,Standard Model
Physics,Supersymmetry
Physics,Quantum gravity
Physics,Quantum computing
Physics,Quantum tunneling
Physics,Bose-Einstein condensate
Physics,Superconductivity
Physics,Plasma physics
Physics,Chaos theory
Physics,Nonlinear dynamics
Physics,Quantum chromodynamics
Physics,Quantum electrodynamics
Physics,Feynman diagrams
Physics,Antimatter
Physics,Dark matter
Physics,Dark energy
Physics,Gravitational waves
Physics,Neutrino oscillation
Physics,Quantum teleportation
Physics,Quantum decoherence
Physics,Quantum superposition
Physics,Quantum information
Physics,Quantum cryptography
Physics,Quantum dots
Physics,Quantum optics
Physics,Quantum sensors
Physics,Quantum metrology
Physics,Quantum thermodynamics
Physics,Quantum biology
Physics,Quantum materials
Physics,Quantum phase transition
Physics,Quantum Hall effect
Physics,Quantum spin liquid
Physics,Quantum criticality
Chemistry,Periodic table
Chemistry,Chemical bond
Chemistry,Organic chemistry
Chemistry,Inorganic chemistry
Chemistry,Biochemistry
Chemistry,Physical chemistry
Chemistry,Analytical chemistry
Chemistry,Polymer chemistry
Chemistry,Electrochemistry
Chemistry,Photochemistry
Chemistry,Thermochemistry
Chemistry,Stereochemistry
Chemistry,Chemical reaction
Chemistry,Catalysis
Chemistry,Coordination chemistry
Chemistry,Organometallic chemistry
Chemistry,Supramolecular chemistry
Chemistry,Green chemistry
Chemistry,Medicinal chemistry
Chemistry,Computational chemistry
Chemistry,Nuclear chemistry
Chemistry,Radiochemistry
Chemistry,Surface chemistry
Chemistry,Colloid chemistry
Chemistry,Nanotechnology
Chemistry,Chemical kinetics
Chemistry,Chemical thermodynamics
Chemistry,Spectroscopy
Chemistry,Chromatography
Chemistry,Mass spectrometry
Chemistry,Nuclear magnetic resonance
Chemistry,X-ray crystallography
Chemistry,Chemical equilibrium
Chemistry,Acid-base chemistry
Chemistry,Redox chemistry
Chemistry,Transition metals
Chemistry,Lanthanides
Chemistry,Actinides
Chemistry,Main group elements
Chemistry,Organocatalysis
Chemistry,Bioinorganic chemistry
Chemistry,Bioorganic chemistry
Chemistry,Cheminformatics
Chemistry,Combinatorial chemistry
Chemistry,Flow chemistry
Chemistry,Sonochemistry
Chemistry,Mechanochemistry
Chemistry,Microwave chemistry
Chemistry,Atmospheric chemistry
Chemistry,Environmental chemistry
Chemistry,Materials chemistry
Chemistry,Solid-state chemistry
Chemistry,Quantum chemistry
Chemistry,Chemical biology
Biology,Evolution
Biology,Cell biology
Biology,Genetics
Biology,Molecular biology
Biology,Ecology
Biology,Microbiology
Biology,Botany
Biology,Zoology
Biology,Physiology
Biology,Anatomy
Biology,Neuroscience
Biology,Immunology
Biology,Developmental biology
Biology,Evolutionary biology
Biology,Marine biology
Biology,Genomics
Biology,Proteomics
Biology,Metabolomics
Biology,Bioinformatics
Biology,Systems biology
Biology,Synthetic biology
Biology,Biotechnology
Biology,Genetic engineering
Biology,CRISPR
Biology,Epigenetics
Biology,Stem cells
Biology,Regenerative medicine
Biology,Virology
Biology,Bacteriology
Biology,Mycology
Biology,Parasitology
Biology,Entomology
Biology,Ornithology
Biology,Herpetology
Biology,Ichthyology
Biology,Mammalogy
Biology,Primatology
Biology,Paleobiology
Biology,Biogeography
Biology,Conservation biology
Biology,Behavioral ecology
Biology,Population genetics
Biology,Phylogenetics
Biology,Biodiversity
Biology,Biomechanics
Biology,Biophysics
Biology,Chronobiology
Biology,Cryobiology
Biology,Extremophiles
Biology,Astrobiology
Biology,Biogeochemistry
Biology,Sociobiology
Biology,Theoretical biology
Biology,Quantitative biology
Biology,Structural biology
Biology,Comparative genomics
Biology,Functional genomics
Biology,Metagenomics
Biology,Transcriptomics
Biology,Pharmacogenomics
Biology,Nutrigenomics
Biology,Evolutionary developmental biology
Biology,Neuroethology
Biology,Psychoneuroimmunology
Astronomy,Solar System
Astronomy,Star
Astronomy,Galaxy
Astronomy,Black hole
Astronomy,Nebula
Astronomy,Exoplanet
Astronomy,Cosmology
Astronomy,Big Bang
Astronomy,Dark matter
Astronomy,Dark energy
Astronomy,Supernova
Astronomy,Pulsar
Astronomy,Quasar
Astronomy,Asteroid
Astronomy,Comet
Astronomy,Neutron star
Astronomy,White dwarf
Astronomy,Red giant
Astronomy,Brown dwarf
Astronomy,Magnetar
Astronomy,Blazar
Astronomy,Gravitational lensing
Astronomy,Cosmic microwave background
Astronomy,Cosmic inflation
Astronomy,Stellar evolution
Astronomy,Stellar nucleosynthesis
Astronomy,Galactic evolution
Astronomy,Galactic collision
Astronomy,Interstellar medium
Astronomy,Interstellar dust
Astronomy,Planetary nebula
Astronomy,Supernova remnant
Astronomy,Gamma-ray burst
Astronomy,Cosmic ray
Astronomy,Solar flare
Astronomy,Coronal mass ejection
Astronomy,Heliosphere
Astronomy,Kuiper belt
Astronomy,Oort cloud
Astronomy,Planetary formation
Astronomy,Habitable zone
Astronomy,Stellar classification
Astronomy,Hertzsprung-Russell diagram
Astronomy,Cepheid variable
Astronomy,RR Lyrae variable
Astronomy,Binary star system
Astronomy,Accretion disk
Astronomy,Event horizon
Astronomy,Gravitational wave
Astronomy,Cosmic web
Astronomy,Baryon acoustic oscillations
Astronomy,Redshift
Astronomy,Blueshift
Astronomy,Hubble constant
Astronomy,Hubble tension
Astronomy,Multiverse
Astronomy,Cosmic strings
Astronomy,Primordial black holes
Astronomy,Gravitational microlensing
Astronomy,Extragalactic astronomy
Astronomy,Radio astronomy
Astronomy,Infrared astronomy
Astronomy,Ultraviolet astronomy
Astronomy,X-ray astronomy
Astronomy,Gamma-ray astronomy
Astronomy,Neutrino astronomy
Astronomy,Gravitational wave astronomy
Mathematics,Calculus
Mathematics,Algebra
Mathematics,Geometry
Mathematics,Trigonometry
Mathematics,Number theory
Mathematics,Topology
Mathematics,Set theory
Mathematics,Statistics
Mathematics,Probability
Mathematics,Differential equations
Mathematics,Linear algebra
Mathematics,Graph theory
Mathematics,Game theory
Mathematics,Cryptography
Mathematics,Fractal
Mathematics,Abstract algebra
Mathematics,Group theory
Mathematics,Ring theory
Mathematics,Field theory
Mathematics,Galois theory
Mathematics,Category theory
Mathematics,Algebraic geometry
Mathematics,Differential geometry
Mathematics,Algebraic topology
Mathematics,Knot theory
Mathematics,Combinatorics
Mathematics,Numerical analysis
Mathematics,Complex analysis
Mathematics,Real analysis
Mathematics,Functional analysis
Mathematics,Measure theory
Mathematics,Dynamical systems
Mathematics,Chaos theory
Mathematics,Ergodic theory
Mathematics,Information theory
Mathematics,Coding theory
Mathematics,Optimization
Mathematics,Operations research
Mathematics,Control theory
Mathematics,Mathematical logic
Mathematics,Model theory
Mathematics,Proof theory
Mathematics,Computability theory
Mathematics,Computational complexity theory
Mathematics,Automata theory
Mathematics,Formal language theory
Mathematics,Discrete mathematics
Mathematics,Computational geometry
Mathematics,Algebraic number theory
Mathematics,Analytic number theory
Mathematics,Elliptic curves
Mathematics,Modular forms
Mathematics,Representation theory
Mathematics,Lie groups
Mathematics,Lie algebras
Mathematics,Harmonic analysis
Mathematics,Fourier analysis
Mathematics,Wavelet theory
Mathematics,Mathematical physics
Mathematics,Quantum groups
Mathematics,Noncommutative geometry
Mathematics,Symplectic geometry
Mathematics,Riemannian geometry
Mathematics,Partial differential equations
Mathematics,Stochastic processes
Mathematics,Markov chains
Mathematics,Bayesian statistics
Mathematics,Machine learning theory
Mathematics,Mathematical biology
Mathematics,Financial mathematics
Mathematics,Actuarial mathematics
Computer_science,Algorithm
Computer_science,Data structure
Computer_science,Artificial intelligence
Computer_science,Machine learning
Computer_science,Computer programming
Computer_science,Database
Computer_science,Computer network
Computer_science,Operating system
Computer_science,Computer security
Computer_science,Computer graphics
Computer_science,Quantum computing
Computer_science,Computational complexity theory
Computer_science,Software engineering
Computer_science,Computer architecture
Computer_science,Robotics
Computer_science,Deep learning
Computer_science,Neural networks
Computer_science,Natural language processing
Computer_science,Computer vision
Computer_science,Reinforcement learning
Computer_science,Distributed systems
Computer_science,Parallel computing
Computer_science,Cloud computing
Computer_science,Edge computing
Computer_science,Fog computing
Computer_science,Internet of Things
Computer_science,Blockchain
Computer_science,Cryptography
Computer_science,Information theory
Computer_science,Compiler design
Computer_science,Programming language theory
Computer_science,Formal methods
Computer_science,Software verification
Computer_science,Human-computer interaction
Computer_science,Virtual reality
Computer_science,Augmented reality
Computer_science,Mixed reality
Computer_science,Computer ethics
Computer_science,Bioinformatics
Computer_science,Computational biology
Computer_science,Computational neuroscience
Computer_science,Computational physics
Computer_science,Computational chemistry
Computer_science,Computational geometry
Computer_science,Computational linguistics
Computer_science,Computational social science
Computer_science,Computational economics
Computer_science,Computational finance
Computer_science,Big data
Computer_science,Data mining
Computer_science,Data science
Computer_science,Knowledge representation
Computer_science,Expert systems
Computer_science,Recommender systems
Computer_science,Information retrieval
Computer_science,Web search
Computer_science,Semantic web
Computer_science,Web development
Computer_science,Mobile computing
Computer_science,Ubiquitous computing
Computer_science,Wearable computing
Computer_science,Embedded systems
Computer_science,Real-time systems
Computer_science,Fault-tolerant computing
Computer_science,High-performance computing
Computer_science,Supercomputing
Computer_science,Grid computing
Computer_science,Quantum algorithms
Computer_science,Quantum cryptography
Computer_science,Quantum error correction
Computer_science,Quantum simulation
Computer_science,Quantum machine learning
Earth_science,Geology
Earth_science,Meteorology
Earth_science,Oceanography
Earth_science,Climatology
Earth_science,Hydrology
Earth_science,Seismology
Earth_science,Volcanology
Earth_science,Glaciology
Earth_science,Paleontology
Earth_science,Geophysics
Earth_science,Geochemistry
Earth_science,Plate tectonics
Earth_science,Mineralogy
Earth_science,Petrology
Earth_science,Stratigraphy
Earth_science,Geomorphology
Earth_science,Geochronology
Earth_science,Paleoclimatology
Earth_science,Paleomagnetism
Earth_science,Biogeochemistry
Earth_science,Atmospheric science
Earth_science,Atmospheric chemistry
Earth_science,Atmospheric physics
Earth_science,Climate change
Earth_science,Global warming
Earth_science,Carbon cycle
Earth_science,Nitrogen cycle
Earth_science,Water cycle
Earth_science,Rock cycle
Earth_science,Sedimentology
Earth_science,Structural geology
Earth_science,Economic geology
Earth_science,Petroleum geology
Earth_science,Mining geology
Earth_science,Engineering geology
Earth_science,Environmental geology
Earth_science,Marine geology
Earth_science,Coastal geology
Earth_science,Quaternary geology
Earth_science,Planetary geology
Earth_science,Astrogeology
Earth_science,Geobiology
Earth_science,Paleobiology
Earth_science,Paleobotany
Earth_science,Paleoecology
Earth_science,Paleoanthropology
Earth_science,Taphonomy
Earth_science,Ichnology
Earth_science,Speleology
Earth_science,Karst topography
Earth_science,Limnology
Earth_science,Soil science
Earth_science,Pedology
Earth_science,Edaphology
Earth_science,Geomicrobiology
Earth_science,Biogeography
Earth_science,Physical geography
Earth_science,Geoinformatics
Earth_science,Remote sensing
Earth_science,Geographic information systems
Earth_science,Geodesy
Earth_science,Cartography
Earth_science,Geostatistics
Earth_science,Natural hazards
Earth_science,Disaster management
Earth_science,Tsunami science
Earth_science,Landslide science
Earth_science,Avalanche science
Earth_science,Flood science
Earth_science,Drought science
Earth_science,Wildfire science
Earth_science,Erosion science
Earth_science,Desertification
Earth_science,Land degradation
Earth_science,Conservation science 